category_1,category_2,orders_together
Bed_Bath_Table,Furniture_Decor,70
Bed_Bath_Table,Home_Confort,43
Furniture_Decor,Housewares,24
Baby,Cool_Stuff,20
Bed_Bath_Table,Housewares,20
Baby,Toys,19
Baby,Bed_Bath_Table,17
Furniture_Decor,Garden_Tools,16
Health_Beauty,Sports_Leisure,14
Housewares,Unclassified,14
Furniture_Decor,Home_Construction,13
Baby,Furniture_Decor,12
Bed_Bath_Table,Health_Beauty,11
Construction_Tools_Lights,Furniture_Decor,11
Garden_Tools,Housewares,11
Health_Beauty,Perfumery,11
Housewares,Sports_Leisure,11
Bed_Bath_Table,Cool_Stuff,10
Fashion_Bags_Accessories,Unclassified,9
Bed_Bath_Table,Unclassified,8
Computers_Accessories,Garden_Tools,8
Cool_Stuff,Toys,7
Furniture_Decor,Furniture_Living_Room,7
Furniture_Decor,Watches_Gifts,7
Garden_Tools,Home_Construction,7
Audio,Watches_Gifts,6
Computers_Accessories,Telephony,6
Cool_Stuff,Telephony,6
Furniture_Decor,Home_Confort,6
Pet_Shop,Unclassified,6
Sports_Leisure,Unclassified,6
Stationery,Toys,6
Art,Furniture_Decor,5
Auto,Computers_Accessories,5
Baby,Housewares,5
Bed_Bath_Table,Office_Furniture,5
Computers_Accessories,Cool_Stuff,5
Computers_Accessories,Electronics,5
Construction_Tools_Construction,Garden_Tools,5
Luggage_Accessories,Stationery,5
Sports_Leisure,Watches_Gifts,5
Baby,Garden_Tools,4
Bed_Bath_Table,Garden_Tools,4
Computers_Accessories,Housewares,4
Cool_Stuff,Furniture_Decor,4
Costruction_Tools_Garden,Unclassified,4
Furniture_Decor,Office_Furniture,4
Health_Beauty,Stationery,4
Housewares,Stationery,4
Sports_Leisure,Toys,4
Auto,Construction_Tools_Construction,3
Auto,Cool_Stuff,3
Auto,Sports_Leisure,3
Auto,Telephony,3
Baby,Fashion_Bags_Accessories,3
Computers_Accessories,Sports_Leisure,3
Construction_Tools_Lights,Sports_Leisure,3
Drinks,Health_Beauty,3
Food,Health_Beauty,3
Furniture_Decor,Health_Beauty,3
Furniture_Decor,Market_Place,3
Furniture_Decor,Sports_Leisure,3
Furniture_Living_Room,Office_Furniture,3
Garden_Tools,Sports_Leisure,3
Health_Beauty,Watches_Gifts,3
Perfumery,Sports_Leisure,3
Auto,Baby,2
Auto,Bed_Bath_Table,2
Auto,Furniture_Decor,2
Auto,Garden_Tools,2
Auto,Housewares,2
Baby,Fashion_Shoes,2
Bed_Bath_Table,Costruction_Tools_Garden,2
Bed_Bath_Table,Electronics,2
Bed_Bath_Table,Furniture_Living_Room,2
Bed_Bath_Table,Market_Place,2
Bed_Bath_Table,Toys,2
Books_General_Interest,Market_Place,2
Computers_Accessories,Luggage_Accessories,2
Computers_Accessories,Stationery,2
Consoles_Games,Toys,2
Construction_Tools_Safety,Cool_Stuff,2
Construction_Tools_Safety,Home_Construction,2
Cool_Stuff,Health_Beauty,2
Cool_Stuff,Tablets_Printing_Image,2
Cool_Stuff,Unclassified,2
Cool_Stuff,Watches_Gifts,2
Drinks,Housewares,2
Drinks,Sports_Leisure,2
Electronics,Furniture_Decor,2
Electronics,Perfumery,2
Electronics,Telephony,2
Electronics,Watches_Gifts,2
Fashion_Bags_Accessories,Fashion_Childrens_Clothes,2
Fashion_Bags_Accessories,Stationery,2
Food_Drink,Housewares,2
Food_Drink,Sports_Leisure,2
Furniture_Decor,Industry_Commerce_And_Business,2
Furniture_Decor,Perfumery,2
Furniture_Decor,Pet_Shop,2
Furniture_Decor,Stationery,2
Furniture_Decor,Unclassified,2
Garden_Tools,Stationery,2
Garden_Tools,Watches_Gifts,2
Health_Beauty,Luggage_Accessories,2
Health_Beauty,Market_Place,2
Health_Beauty,Telephony,2
Health_Beauty,Unclassified,2
Home_Construction,Housewares,2
Housewares,Kitchen_Dining_Laundry_Garden_Furniture,2
Housewares,Market_Place,2
Housewares,Watches_Gifts,2
Office_Furniture,Sports_Leisure,2
Perfumery,Toys,2
Perfumery,Unclassified,2
Stationery,Unclassified,2
Stationery,Watches_Gifts,2
Telephony,Watches_Gifts,2
Air_Conditioning,Computers_Accessories,1
Air_Conditioning,Sports_Leisure,1
Art,Stationery,1
Arts_And_Craftmanship,Garden_Tools,1
Arts_And_Craftmanship,Toys,1
Auto,Christmas_Supplies,1
Auto,Consoles_Games,1
Auto,Drinks,1
Auto,Electronics,1
Auto,Fashion_Bags_Accessories,1
Auto,Health_Beauty,1
Auto,Home_Comfort_2,1
Auto,Luggage_Accessories,1
Auto,Musical_Instruments,1
Auto,Unclassified,1
Auto,Watches_Gifts,1
Baby,Books_General_Interest,1
Baby,Construction_Tools_Lights,1
Baby,Construction_Tools_Safety,1
Baby,Furniture_Bedroom,1
Baby,Furniture_Living_Room,1
Baby,Health_Beauty,1
Baby,La_Cuisine,1
Baby,Luggage_Accessories,1
Baby,Signaling_And_Security,1
Baby,Sports_Leisure,1
Baby,Unclassified,1
Baby,Watches_Gifts,1
Bed_Bath_Table,Computers_Accessories,1
Bed_Bath_Table,Construction_Tools_Construction,1
Bed_Bath_Table,Construction_Tools_Lights,1
Bed_Bath_Table,Construction_Tools_Safety,1
Bed_Bath_Table,Food,1
Bed_Bath_Table,Furniture_Bedroom,1
Bed_Bath_Table,Home_Appliances_2,1
Bed_Bath_Table,Kitchen_Dining_Laundry_Garden_Furniture,1
Bed_Bath_Table,Party_Supplies,1
Bed_Bath_Table,Perfumery,1
Bed_Bath_Table,Pet_Shop,1
Bed_Bath_Table,Sports_Leisure,1
Books_General_Interest,Cool_Stuff,1
Books_General_Interest,Housewares,1
Books_Imported,Unclassified,1
Books_Technical,Costruction_Tools_Garden,1
Books_Technical,Furniture_Decor,1
Books_Technical,Health_Beauty,1
Books_Technical,Music,1
Cine_Photo,Cool_Stuff,1
Cine_Photo,Sports_Leisure,1
Cine_Photo,Telephony,1
Computers,Furniture_Decor,1
Computers_Accessories,Consoles_Games,1
Computers_Accessories,Construction_Tools_Construction,1
Computers_Accessories,Construction_Tools_Safety,1
Computers_Accessories,Dvds_Blu_Ray,1
Computers_Accessories,Furniture_Decor,1
Computers_Accessories,Health_Beauty,1
Computers_Accessories,Home_Construction,1
Computers_Accessories,Office_Furniture,1
Computers_Accessories,Tablets_Printing_Image,1
Computers_Accessories,Unclassified,1
Computers_Accessories,Watches_Gifts,1
Consoles_Games,Cool_Stuff,1
Consoles_Games,Housewares,1
Consoles_Games,Pet_Shop,1
Consoles_Games,Sports_Leisure,1
Construction_Tools_Construction,Furniture_Decor,1
Construction_Tools_Construction,Health_Beauty,1
Construction_Tools_Construction,Housewares,1
Construction_Tools_Construction,Kitchen_Dining_Laundry_Garden_Furniture,1
Construction_Tools_Construction,Pet_Shop,1
Construction_Tools_Construction,Toys,1
Construction_Tools_Construction,Watches_Gifts,1
Construction_Tools_Lights,Costruction_Tools_Garden,1
Construction_Tools_Lights,Garden_Tools,1
Construction_Tools_Lights,Home_Construction,1
Cool_Stuff,Home_Construction,1
Cool_Stuff,Housewares,1
Cool_Stuff,Sports_Leisure,1
Costruction_Tools_Garden,Flowers,1
Costruction_Tools_Garden,Garden_Tools,1
Costruction_Tools_Garden,Home_Construction,1
Costruction_Tools_Garden,Pet_Shop,1
Costruction_Tools_Garden,Telephony,1
Dvds_Blu_Ray,Housewares,1
Electronics,Food,1
Electronics,Garden_Tools,1
Electronics,Home_Construction,1
Electronics,Housewares,1
Electronics,Luggage_Accessories,1
Electronics,Small_Appliances,1
Electronics,Sports_Leisure,1
Fashio_Female_Clothing,Fashion_Sport,1
Fashion_Bags_Accessories,Fashion_Sport,1
Fashion_Bags_Accessories,Health_Beauty,1
Fashion_Bags_Accessories,Musical_Instruments,1
Fixed_Telephony,Food,1
Fixed_Telephony,Telephony,1
Flowers,Furniture_Decor,1
Food,Pet_Shop,1
Food,Sports_Leisure,1
Furniture_Bedroom,Furniture_Decor,1
Furniture_Decor,Kitchen_Dining_Laundry_Garden_Furniture,1
Furniture_Decor,Musical_Instruments,1
Furniture_Decor,Small_Appliances,1
Furniture_Living_Room,Garden_Tools,1
Furniture_Living_Room,Toys,1
Furniture_Living_Room,Unclassified,1
Garden_Tools,La_Cuisine,1
Garden_Tools,Luggage_Accessories,1
Garden_Tools,Pet_Shop,1
Garden_Tools,Telephony,1
Health_Beauty,Housewares,1
Health_Beauty,Pet_Shop,1
Health_Beauty,Small_Appliances,1
Health_Beauty,Toys,1
Home_Comfort_2,Musical_Instruments,1
Home_Confort,Housewares,1
Home_Confort,Watches_Gifts,1
Housewares,Industry_Commerce_And_Business,1
Housewares,Perfumery,1
Housewares,Small_Appliances,1
Industry_Commerce_And_Business,Office_Furniture,1
Kitchen_Dining_Laundry_Garden_Furniture,Toys,1
Luggage_Accessories,Musical_Instruments,1
Luggage_Accessories,Telephony,1
Market_Place,Musical_Instruments,1
Market_Place,Perfumery,1
Music,Perfumery,1
Musical_Instruments,Toys,1
Musical_Instruments,Unclassified,1
Musical_Instruments,Watches_Gifts,1
Perfumery,Pet_Shop,1
Perfumery,Watches_Gifts,1
Pet_Shop,Sports_Leisure,1
Small_Appliances,Sports_Leisure,1
Small_Appliances,Telephony,1
Sports_Leisure,Stationery,1
Telephony,Toys,1
Toys,Unclassified,1
Toys,Watches_Gifts,1
